"","id","dist"
"1",1,-5.39277609682301
"2",2,7.55578668683811
"3",4,37.769099848714
"4",5,42.0852874432678
"5",6,50.7176626323752
"6",7,59.3500378214826
"7",8,63.6662254160363
"8",9,63.6662254160363
"9",10,63.6662254160363
